,MDA,SMAPE
0,0.8620689655172413,20.58766563599466
