,MDA,SMAPE
0,0.7241379310344828,51.64983574551584
