,MDA,SMAPE
0,0.9655172413793104,10.731578490313716
