,MDA,SMAPE
0,0.7931034482758621,30.86052005718897
