,MDA,SMAPE
0,0.7931034482758621,38.08652227729923
