,MDA,SMAPE
0,0.7241379310344828,38.34953865943138
