,MDA,SMAPE
0,0.896551724137931,55.0750441795594
