,MDA,SMAPE
0,0.896551724137931,27.622671178306586
