,MDA,SMAPE
0,0.6896551724137931,53.96484125075889
