,MDA,SMAPE
0,0.8620689655172413,20.382351258697565
