,MDA,SMAPE
0,0.9655172413793104,44.29124252820056
