,MDA,SMAPE
0,0.9655172413793104,41.76883739633494
