,MDA,SMAPE
0,0.7586206896551724,20.054937323068454
