,MDA,SMAPE
0,0.8275862068965517,28.566963360968163
