,MDA,SMAPE
0,0.7241379310344828,38.9652718631554
