,MDA,SMAPE
0,0.8275862068965517,21.542354932346854
