,MDA,SMAPE
0,0.6896551724137931,52.7469099503304
