,MDA,SMAPE
0,0.9310344827586207,19.26596103549011
