,MDA,SMAPE
0,0.6896551724137931,52.811187613317365
