,MDA,SMAPE
0,0.6551724137931034,54.48181805417389
