,MDA,SMAPE
0,0.9310344827586207,21.102887468990655
