,MDA,SMAPE
0,0.896551724137931,12.992972946369427
