,MDA,SMAPE
0,0.9310344827586207,14.467031394139793
