,MDA,SMAPE
0,0.6551724137931034,41.69590168674378
