,MDA,SMAPE
0,0.7931034482758621,38.759064564038255
