,MDA,SMAPE
0,0.7586206896551724,37.51323689822158
