,MDA,SMAPE
0,0.896551724137931,15.928828663412675
