,MDA,SMAPE
0,0.7586206896551724,39.96206397724744
