,MDA,SMAPE
0,0.8620689655172413,29.93740679940322
