,MDA,SMAPE
0,0.8275862068965517,21.914440882916086
