,MDA,SMAPE
0,0.8275862068965517,26.800973314777398
