,MDA,SMAPE
0,0.6896551724137931,42.3209558964684
