,MDA,SMAPE
0,0.8620689655172413,65.60392388512616
