,MDA,SMAPE
0,0.7931034482758621,26.50664220210963
