,MDA,SMAPE
0,0.6896551724137931,40.84463298221072
