,MDA,SMAPE
0,0.7931034482758621,31.730421190879998
