,MDA,SMAPE
0,0.6551724137931034,62.35484034178099
