,MDA,SMAPE
0,0.7586206896551724,49.25312202185908
