,MDA,SMAPE
0,0.8275862068965517,38.11213417734098
