,MDA,SMAPE
0,0.7931034482758621,55.671594619579814
