,MDA,SMAPE
0,0.8275862068965517,20.285625796174504
