,MDA,SMAPE
0,0.847457627118644,35.38473173031898
