,MDA,SMAPE
0,0.7586206896551724,29.555660917859228
