,MDA,SMAPE
0,0.8620689655172413,20.39328904624779
