,MDA,SMAPE
0,0.7931034482758621,44.43121282273259
