,MDA,SMAPE
0,0.7432432432432432,48.219541749905034
