,MDA,SMAPE
0,0.896551724137931,52.44863877020206
