,MDA,SMAPE
0,0.8620689655172413,13.61538941284222
