,MDA,SMAPE
0,0.8275862068965517,24.547759389913928
