,MDA,SMAPE
0,0.7586206896551724,28.70531147964435
