,MDA,SMAPE
0,0.9310344827586207,29.40149703121795
