,MDA,SMAPE
0,0.9310344827586207,27.988015089386415
