,MDA,SMAPE
0,0.7586206896551724,38.54500605030954
