,MDA,SMAPE
0,0.8620689655172413,16.827836713171767
