,MDA,SMAPE
0,0.7586206896551724,26.827187197268664
