,MDA,SMAPE
0,0.8620689655172413,31.274812576287697
