,MDA,SMAPE
0,0.6896551724137931,22.600917926802076
