,MDA,SMAPE
0,0.896551724137931,50.297742369780366
