,MDA,SMAPE
0,0.8620689655172413,17.50447647509147
