,MDA,SMAPE
0,0.9310344827586207,24.739417758694003
