,MDA,SMAPE
0,0.7586206896551724,42.69424720950275
