,MDA,SMAPE
0,0.9655172413793104,42.46693122181525
