,MDA,SMAPE
0,0.9310344827586207,45.29503013608679
