feature,importance
hour,0.4798702406916186
trend_daily_lag2,0.4725059518168615
net_price_day_5,0.014897031778374484
net_price,0.012779942597193058
day_of_week_n,0.011249885011465004
net_price_day_0,0.006744007262753362
rolling_avg_quantity_30_lag2,0.0010398845501335837
net_price_day_1,0.0005867022849010318
inflation,0.00024352273273931636
net_price_day_6,5.500444819497216e-05
net_price_day_4,1.643796206897113e-05
net_price_day_2,1.0394108349550134e-05
net_price_day_3,9.947553465599565e-07
