feature,importance
hour,0.6835243094429869
trend_daily_lag2,0.14177770962415004
day_of_week_n,0.1287639657899202
net_price,0.028635052289623528
net_price_day_0,0.004793084916137914
net_price_day_2,0.004175675153988662
rolling_avg_quantity_30_lag2,0.003865652253185065
net_price_day_5,0.002926456105621916
net_price_day_6,0.000640920600337892
inflation,0.000272075736538214
net_price_day_1,0.0002569022836031421
net_price_day_3,0.00023865132098735558
net_price_day_4,0.00012954448291922985
