,MDA,SMAPE
0,0.8275862068965517,28.645577577926932
