,MDA,SMAPE
0,0.7931034482758621,25.202649441770696
