,MDA,SMAPE
0,0.7931034482758621,38.705838818290765
