,MDA,SMAPE
0,0.8620689655172413,62.31822132499456
