,MDA,SMAPE
0,0.896551724137931,15.8684360321766
