,MDA,SMAPE
0,0.7586206896551724,40.017048762094284
