,MDA,SMAPE
0,0.9310344827586207,14.491210805828421
