,MDA,SMAPE
0,0.7931034482758621,37.33722966400356
