,MDA,SMAPE
0,0.7931034482758621,38.71783208450667
