,MDA,SMAPE
0,0.8275862068965517,21.443456995885754
