,MDA,SMAPE
0,0.6551724137931034,62.96310310492566
