,MDA,SMAPE
0,0.6551724137931034,43.5377724870716
