,MDA,SMAPE
0,0.8275862068965517,28.62729665768613
