,MDA,SMAPE
0,0.896551724137931,31.269130114847716
