,MDA,SMAPE
0,0.8275862068965517,30.757767975067196
