,MDA,SMAPE
0,0.9310344827586207,52.495086625296864
