,MDA,SMAPE
0,0.7931034482758621,21.613301193803398
