,MDA,SMAPE
0,0.6206896551724138,43.581766104613884
