,MDA,SMAPE
0,0.8275862068965517,42.83075992504089
