,MDA,SMAPE
0,0.8275862068965517,38.268919484821645
