,MDA,SMAPE
0,0.896551724137931,33.67034649752782
