,MDA,SMAPE
0,0.7241379310344828,53.491424730091964
