,MDA,SMAPE
0,0.8620689655172413,15.006024755961558
