,MDA,SMAPE
0,0.9655172413793104,57.48633341550601
