,MDA,SMAPE
0,0.9655172413793104,13.949467138687552
