,MDA,SMAPE
0,0.8620689655172413,33.59950233761902
