,MDA,SMAPE
0,0.7241379310344828,25.654015690166155
