,MDA,SMAPE
0,0.6896551724137931,39.503532768901394
