,MDA,SMAPE
0,0.9310344827586207,25.73624277527471
