,MDA,SMAPE
0,0.9310344827586207,18.23364381933427
