,MDA,SMAPE
0,0.7586206896551724,32.50083913184983
