,MDA,SMAPE
0,0.896551724137931,33.45236395883971
