,MDA,SMAPE
0,0.9655172413793104,23.83071214787586
