,MDA,SMAPE
0,0.896551724137931,16.42062814349425
