,MDA,SMAPE
0,0.6551724137931034,26.660390370785375
