,MDA,SMAPE
0,0.8275862068965517,53.49214778445837
