,MDA,SMAPE
0,0.7241379310344828,38.72067633653185
