,MDA,SMAPE
0,0.6551724137931034,31.55036981590807
