,MDA,SMAPE
0,0.7931034482758621,36.69258442637455
