,MDA,SMAPE
0,0.7931034482758621,22.747416235206757
