,MDA,SMAPE
0,0.7586206896551724,48.50494132889575
