,MDA,SMAPE
0,0.7241379310344828,30.10219415435722
