,MDA,SMAPE
0,0.6896551724137931,52.626847095502214
