,MDA,SMAPE
0,0.7241379310344828,60.85017941081649
