,MDA,SMAPE
0,0.6896551724137931,45.40192650330815
