,MDA,SMAPE
0,0.7586206896551724,35.82822645098679
