,MDA,SMAPE
0,0.8620689655172413,21.657559175997562
