,MDA,SMAPE
0,0.896551724137931,13.846644958099027
