,MDA,SMAPE
0,0.8275862068965517,22.545247364578515
