,MDA,SMAPE
0,0.9655172413793104,41.81457078809058
