,MDA,SMAPE
0,0.6896551724137931,39.78337893246168
