,MDA,SMAPE
0,0.6551724137931034,23.297115971510955
