,MDA,SMAPE
0,0.896551724137931,52.11632484435887
