,MDA,SMAPE
0,0.7931034482758621,37.53300187318976
