,MDA,SMAPE
0,0.6551724137931034,42.3060679729723
