,MDA,SMAPE
0,0.7586206896551724,39.622237785729666
