,MDA,SMAPE
0,0.8620689655172413,18.410360921830154
