,MDA,SMAPE
0,0.7241379310344828,77.53150107142714
