,MDA,SMAPE
0,0.6551724137931034,44.81661326722575
