,MDA,SMAPE
0,0.7241379310344828,49.06843022530889
